{
  "n_genes": 10282,
  "n_essential": 124,
  "resid_responsiveness": {
    "median_essential": -32.52122362109498,
    "median_non": -15.091926334582794,
    "p_two_sided": 0.02588566275749763,
    "p_one_sided_less": 0.012942831378748815,
    "cliffs_delta": -0.11622176069711465
  },
  "n_regulators": {
    "median_essential": 247.0,
    "median_non": 168.5,
    "p_two_sided": 8.134453875233228e-07,
    "p_one_sided_less": 0.9999995933406971,
    "cliffs_delta": 0.25728648641782415
  },
  "my_gene_response": {
    "median_essential": 160.5,
    "median_non": 109.0,
    "p_two_sided": 8.122586852862326e-07,
    "p_one_sided_less": 0.9999995939339594,
    "cliffs_delta": 0.25729998285159006
  },
  "spearman_resid_responsiveness_shet": {
    "rho": -0.09113363216297102,
    "p": 3.3622413264981686e-20,
    "n": 10166
  },
  "spearman_n_regulators_shet": {
    "rho": 0.1745079581148504,
    "p": 2.501216359973426e-70,
    "n": 10166
  },
  "shet_decile_median_resid": {
    "0": -12.016360081976815,
    "1": -12.06983837606387,
    "2": -12.593079536809974,
    "3": -13.686008214958427,
    "4": -13.75138304187642,
    "5": -11.631375654715058,
    "6": -11.026674223718944,
    "7": -15.582474181501084,
    "8": -16.93318907189436,
    "9": -37.58893331870295
  }
}