{
  "gene_baseMean_ess_median": 86.70558397891298,
  "gene_baseMean_non_median": 30.68819349713181,
  "weighted_cliffs_delta_matched": -0.17419518315135485,
  "stouffer_p_matched": 7.772566386477388e-06,
  "per_stratum_delta": [
    -0.16536712150747235,
    -0.5372357723577236,
    -0.23460410557184752,
    -0.22998046875,
    -0.5081539465101109,
    -0.6937377690802349,
    -0.5252450980392157,
    -0.18862051792828682,
    -0.16624116624116625,
    0.07971745711402622
  ]
}